"ID";"Bezeichner";"Footprint";"Stückzahl";"Bezeichnung";"Anbieter und Referenz";
1;"H3,H4,H2,H1";"MountingHole_3.2mm_M3_DIN965";4;"MountingHole";;;
2;"J4";"Jack_3.5mm_CLIFF FT6320";1;"TRX";;;
3;"R6,R4";"R_Axial_DIN0204_L3.6mm_D1.6mm_P7.62mm_Horizontal";2;"10K";;;
4;"RV1__10K1";"Potentiometer_Piher_T-16H_Single_Horizontal";1;"Speed";;;
5;"J5";"Jack_3.5mm_CLIFF FT6320";1;"Paddle";;;
6;"Q2,Q1";"TO-92_Inline";2;"BS170";;;
7;"R2,R3,R1";"R_Axial_DIN0204_L3.6mm_D1.6mm_P10,16mm_Horizontal";3;"1K";;;
8;"D1";"LED_D5.0mm";1;"LED  2mA";;;
9;"D3";"D_DO-41_SOD81_P10.16mm_Horizontal";1;"1N4001";;;
10;"R5";"R_Axial_DIN0204_L3.6mm_D1.6mm_P7.62mm_Horizontal";1;"1K";;;
11;"J3";"Pin_2x04_P2.54mmVert";1;"Speed";;;
12;"U1";"PiPico_40_W17_78_LongPads";1;"~";;;
13;"J2";"Pin_2x04_P2.54mmVert";1;"Wichtung";;;
14;"C5";"CP_Radial_D8.0mm_P5.00mm";1;"220uF";;;
15;"R7";"R_D2.5mm_P10.16mm_Horizontal";1;"10K";;;
16;"BZ1";"Buzzer_12x9.5RM7.6";1;"Buzzer_BM 15B";;;
17;"J7";"BarrelJack_CUI_Horizontal_CLIFF FCR681465P";1;"Ub(13,2V)";;;
18;"SW1";"SW_PUSH_508mm";1;"RST";;;
19;"D2";"LED_D3.0mm_Clear";1;"LED  2mA";;;
20;"U2";"TO-92_Inline";1;"L78L05_TO92";;;
21;"U4";"DIP-8_W7.62mm";1;"24LC256";;;
22;"J6";"Jack_3.5mm_CLIFF FT6320";1;"!! PC-Headset !!";;;
23;"J1";"Pin_2x04_P2.54mmVert";1;"spez";;;
24;"C4,C2,C1,C3";"C_1210_3225Metric_Pad1.33x2.70mm_HandSolder";4;"C";;;
