"Source:","/home/winfried/PiPico/PiPicoArduinoIDE/PiPico_HighSpeedKeyer_oneChip/PiPico_HighSpeedKeyer_oneChip.kicad_sch"
"Date:","Fr 09 Aug 2024 07:15:57 CEST"
"Tool:","Eeschema 7.0.10-7.0.10~ubuntu22.04.1"
"Generator:","/usr/share/kicad/plugins/bom_csv_grouped_by_value.py"
"Component Count:","32"

"Collated Components:"

"Item","Qty","Reference(s)","Value","LibPart","Footprint","Datasheet","DNP","Sim.Device","Sim.Pins"
"1","1","BZ1","Buzzer_BM 15B","Device:Buzzer","Buzzer_Beeper:Buzzer_12x9.5RM7.6","~","","",""
"2","4","C1, C2, C3, C4","C","Device:C","Capacitor_SMD:C_1210_3225Metric_Pad1.33x2.70mm_HandSolder","~","","",""
"3","1","C5","220uF","Device:C_Polarized","Capacitor_THT:CP_Radial_D8.0mm_P5.00mm","~","","",""
"4","2","D1, D2","LED  2mA","Device:LED","LED_THT:LED_D3.0mm_Clear","~","","",""
"5","1","D3","1N4001","Diode:1N4001","Diode_THT:D_DO-41_SOD81_P10.16mm_Horizontal","http://www.vishay.com/docs/88503/1n4001.pdf","","D","1=K 2=A"
"6","4","H1, H2, H3, H4","MountingHole","Mechanical:MountingHole","MountingHole:MountingHole_3.2mm_M3_DIN965","~","","",""
"7","1","J1","spez","Connector_Generic:Conn_02x02_Counter_Clockwise","my_Library:Pin_2x02_P2.54mm_Vert","~","","",""
"8","1","J2","Wichtung","Connector_Generic:Conn_02x04_Counter_Clockwise","my_Library:Pin_2x04_P2.54mmVert","~","","",""
"9","1","J3","Speed","Connector_Generic:Conn_02x04_Counter_Clockwise","my_Library:Pin_2x04_P2.54mmVert","~","","",""
"10","1","J4","TRX",":AudioJack3,5_stereo_CLIFF_FC68131_1","my_Library:Jack_3.5mm_CLIFF FC68131","~","","",""
"11","1","J5","Paddle","my_Lib:AudioJack3,5_stereo_CLIFF_FC68131","my_Library:Jack_3.5mm_CLIFF FC68131","~","","",""
"12","1","J6","!! PC-Headset !!",":AudioJack3,5_stereo_CLIFF_FC68131_2","my_Library:Jack_3.5mm_CLIFF FC68131","~","","",""
"13","1","J7","Ub(13,2v)","Connector:Jack-DC","Connector_BarrelJack:BarrelJack_CUI_PJ-063AH_Horizontal","~","","",""
"14","2","Q1, Q2","BS170","Transistor_FET:BS170","Package_TO_SOT_THT:TO-92_Inline","https://www.onsemi.com/pub/Collateral/BS170-D.PDF","","",""
"15","3","R1, R2, R3","1K","Device:R","Resistor_THT:R_Axial_DIN0204_L3.6mm_D1.6mm_P10,16mm_Horizontal","~","","",""
"16","2","R4, R6","10K","Device:R","Resistor_THT:R_Axial_DIN0204_L3.6mm_D1.6mm_P7.62mm_Horizontal","~","","",""
"17","1","R5","1K","Device:R","Resistor_THT:R_Axial_DIN0204_L3.6mm_D1.6mm_P7.62mm_Horizontal","~","","",""
"18","1","RV1__10K1","Speed","Device:R_Potentiometer","Potentiometer_THT:Potentiometer_Piher_T-16H_Single_Horizontal","~","","",""
"19","1","SW1","RST","Switch:SW_Push_45deg","Button_Switch_THT:SW_Tactile_Straight_KSL0Axx1LFTR","~","","",""
"20","1","U1","~","MCU_RaspberryPi:PiPico","my_Library:PiPico_40_W17_78_LongPads","","","",""
"21","1","U2","L78L05_TO92","Regulator_Linear:L78L05_TO92","Package_TO_SOT_THT:TO-92_Inline","http://www.st.com/content/ccc/resource/technical/document/datasheet/15/55/e5/aa/23/5b/43/fd/CD00000446.pdf/files/CD00000446.pdf/jcr:content/translations/en.CD00000446.pdf","","",""
